{
  "gpt_result": {
    "nl_utterance": "Please show me the total of the y-coordinates aggregated with respect to the x-coordinates.",
    "encoded_fields": [
      {
        "field": "gx",
        "type": "quantitative",
        "nl_ref_type": "explicit",
        "nl_ref_phrase": "x-coordinates"
      },
      {
        "field": "gy",
        "type": "quantitative",
        "nl_ref_type": "explicit",
        "nl_ref_phrase": "y-coordinates"
      }
    ],
    "constraints": [
      {
        "c_type": "transform",
        "c_name": "aggregate",
        "c_list": [
          {
            "field": "gy",
            "aggregate": "sum"
          }
        ],
        "nl_ref_type": "explicit",
        "nl_ref_phrase": "total"
      }
    ]
  },
  "input": "Dataset Information: {\n  \"data samples\": [\n    {\n      \"x1\": 0.1127757847533637,\n      \"y1\": 3.219650288092189,\n      \"x2\": 0.7414215246636786,\n      \"y2\": 4.408505721830985,\n      \"x3\": 0.115946188340807,\n      \"y3\": 1.9641485275288084,\n      \"gx\": 2.9805187319884734,\n      \"gy\": 51.74731182795699,\n      \"x\": 1.0,\n      \"y2r\": 4.339083506722151,\n      \"y3r\": 1.9470763977806225\n    },\n    {\n      \"x1\": 8.91381614349776,\n      \"y1\": 2.503733694782329,\n      \"x2\": 13.392917040358745,\n      \"y2\": 3.1791539959453687,\n      \"x3\": NaN,\n      \"y3\": NaN,\n      \"gx\": NaN,\n      \"gy\": NaN,\n      \"x\": 15.0,\n      \"y2r\": 3.080805857874519,\n      \"y3r\": 1.0781049935979503\n    },\n    {\n      \"x1\": 18.00298579970105,\n      \"y1\": 1.784924509176269,\n      \"x2\": 35.395517937219736,\n      \"y2\": 2.369228153008962,\n      \"x3\": NaN,\n      \"y3\": NaN,\n      \"gx\": NaN,\n      \"gy\": NaN,\n      \"x\": 29.0,\n      \"y2r\": 2.4907170294494234,\n      \"y3r\": -0.6037843220941815\n    },\n    {\n      \"x1\": 60.9604446935725,\n      \"y1\": -1.6283344003414433,\n      \"x2\": NaN,\n      \"y2\": NaN,\n      \"x3\": NaN,\n      \"y3\": NaN,\n      \"gx\": NaN,\n      \"gy\": NaN,\n      \"x\": NaN,\n      \"y2r\": NaN,\n      \"y3r\": NaN\n    },\n    {\n      \"x1\": 3.884650224215248,\n      \"y1\": 2.9202669854353385,\n      \"x2\": 5.613426008968611,\n      \"y2\": 3.8531280009603055,\n      \"x3\": 24.232753363228703,\n      \"y3\": -0.0204865556978237,\n      \"gx\": 41.9135446685879,\n      \"gy\": 1.881720430107535,\n      \"x\": 7.0,\n      \"y2r\": 3.714283570742637,\n      \"y3r\": 1.6781903542466918\n    }\n  ],\n  \"column names\": [\n    \"x1\",\n    \"y1\",\n    \"x2\",\n    \"y2\",\n    \"x3\",\n    \"y3\",\n    \"gx\",\n    \"gy\",\n    \"x\",\n    \"y2r\",\n    \"y3r\"\n  ]\n}\n\nYour Job:\nI am developing a NL to Data Visualization Dataset. \nPlease help me generate natural language utterance for given dataset and constraints.\nDefinition about the Taks:\n- 'utterance' is what a user would say to make a chart. It should be a commands structure. One NL 'utterance' is in one or two sentences. Here are two examples from Commands for reference:\n    Help me see outliers in IMDB and Rotten Tomatoes ratings.\n    Please show me a histogram of weights with 500 intervals.\n- 'given dataset' is in form of column names, column type, range/unique values of the column.\n- 'constraints' are information about the chart that should be included in the utterance. \n    So we can find a reference phrase in the NL utterance that corresponds to the given constraints. \n- 'reference phrase' can be explicit, ambiguous, and by_value. 'ambiguous' means the phrase can map to more than one columns in the dataset, always a hypernym of column names(depending on the dataset values).\n    For example:\n    {\"column\": \"gdpPercap\", \"nl_ref_type\": \"explicit\", \"nl_ref_phrase\": \"GDP per capita\"},\n    {\"column\": [\"country\",\"continent\"], \"nl_ref_type\": \"ambiguous\", \"nl_ref_phrase\": \"region\"}\n    {\"column\": [\"country\",\"country_short_name\"], \"nl_ref_type\": \"ambiguous\", \"nl_ref_phrase\": \"countries\"}\n    {\"c_type\": \"mark\", \"c_name\": \"point chart\", \"nl_ref_type\": \"explicit\", \"nl_ref_phrase\": \"scatter plot\"}\n    {\"c_type\": \"mark\", \"c_name\": \"arc chart\", \"nl_ref_type\": \"explicit\", \"nl_ref_phrase\": \"pie chart\"}\n    {\"c_type\": \"transform\",\"c_name\": \"filter\",\"c_list\": [{\"field\": \"country\",\"oneOf\": [\"Iceland\",\"Norway\"]}],\"nl_ref_type\": \"explicit\",\"nl_ref_phrase\": \"for countries Iceland and Norway\"},\n    {\"c_type\": \"transform\",\"c_name\": \"filter\",\"c_list\": [{\"field\": \"country\",\"oneOf\": [\"Iceland\",\"Norway\"]}],\"nl_ref_type\": \"by_value\",\"nl_ref_phrase\": \"for Iceland and Norway\"},\n- the 'nl_ref_phrase' for 'ambiguous' columns should be equally near all ambiguous columns, not too near to one of the column since it would not be ambiguous.\n    good example: {\"column\": [\"country\",\"region\"], \"nl_ref_type\": \"ambiguous\", \"nl_ref_phrase\": \"location\"}\n    bad example: {\"column\": [\"country\",\"region\"], \"nl_ref_type\": \"ambiguous\", \"nl_ref_phrase\": \"region\"}\n- You only include given constraints and no other information. \n    For example, if a column name is not in the given constraint, it will not be included in the NL utterance.\n    Also, it a chart mark or chart encoding channel is not in the given constraint, it will not be included in the NL utterance.\n- all 'nl_ref_phrase' shoule be included in the 'nl_utterance'. \n\nThe output format is identical to the input format, but fill in the str blanks(\"...\").\n### Input:\n{\n  \"nl_utterance\": \"...\",\n  \"encoded_fields\": [\n    {\n      \"field\": \"gx\",\n      \"type\": \"quantitative\",\n      \"nl_ref_type\": \"explicit\",\n      \"nl_ref_phrase\": \"...\"\n    },\n    {\n      \"field\": \"gy\",\n      \"type\": \"quantitative\",\n      \"nl_ref_type\": \"explicit\",\n      \"nl_ref_phrase\": \"...\"\n    }\n  ],\n  \"constraints\": [\n    {\n      \"c_type\": \"transform\",\n      \"c_name\": \"aggregate\",\n      \"c_list\": [\n        {\n          \"field\": \"gy\",\n          \"aggregate\": \"sum\"\n        }\n      ],\n      \"nl_ref_type\": \"explicit\",\n      \"nl_ref_phrase\": \"...\"\n    }\n  ]\n}\n\n### Output:"
}