{
  "gpt_result": {
    "nl_utterance": "How has the percentage of totals relative to GDP changed over the years?",
    "encoded_fields": [
      {
        "field": "Year",
        "type": "quantitative",
        "nl_ref_type": "explicit",
        "nl_ref_phrase": "years"
      },
      {
        "field": "totals_as%ofGDP",
        "type": "quantitative",
        "nl_ref_type": "explicit",
        "nl_ref_phrase": "percentage of totals relative to GDP"
      }
    ],
    "constraints": [
      {
        "c_type": "task",
        "c_name": "trend",
        "c_list": [
          {
            "mark": [
              "bar",
              "line",
              "area"
            ],
            "encoding": {
              "x": {
                "type": "temporal"
              }
            }
          }
        ],
        "nl_ref_type": "explicit",
        "nl_ref_phrase": "changed over"
      }
    ]
  },
  "input": "Dataset Information: {\n  \"data samples\": [\n    {\n      \"Date\": \"08/31/2022\",\n      \"GRA Purchases\": 93769635059.0,\n      \"PRGT 1/2/\": 15254184552.0,\n      \"Totals\": 109000000000.0,\n      \"Year\": 2022.0,\n      \"Total_billion\": 109.0238196,\n      \"World_GDP\": 96100000000000.0,\n      \"Normalised_totals\": 0.00113,\n      \"totals_as%ofGDP\": 0.113,\n      \"Unnamed: 9\": NaN,\n      \"Unnamed: 10\": NaN,\n      \"Unnamed: 11\": 28866300000000.0,\n      \"Unnamed: 12\": 29934200000000.0,\n      \"Unnamed: 13\": 30965100000000.0,\n      \"Unnamed: 14\": 32120500000000.0,\n      \"Unnamed: 15\": 33611000000000.0,\n      \"Unnamed: 16\": 34872600000000.0,\n      \"Unnamed: 17\": 35872800000000.0,\n      \"Unnamed: 18\": 36396600000000.0,\n      \"Unnamed: 19\": 37150100000000.0,\n      \"Unnamed: 20\": 37821800000000.0,\n      \"Unnamed: 21\": 39072400000000.0,\n      \"Unnamed: 22\": 40280100000000.0,\n      \"Unnamed: 23\": 41738500000000.0,\n      \"Unnamed: 24\": 43368300000000.0,\n      \"Unnamed: 25\": 44580100000000.0,\n      \"Unnamed: 26\": 46150800000000.0,\n      \"Unnamed: 27\": 48221700000000.0,\n      \"Unnamed: 28\": 49184600000000.0,\n      \"Unnamed: 29\": 50330100000000.0,\n      \"Unnamed: 30\": 51915900000000.0,\n      \"Unnamed: 31\": 54248800000000.0,\n      \"Unnamed: 32\": 56442100000000.0,\n      \"Unnamed: 33\": 58968600000000.0,\n      \"Unnamed: 34\": 61608900000000.0,\n      \"Unnamed: 35\": 62882000000000.0,\n      \"Unnamed: 36\": 62048200000000.0,\n      \"Unnamed: 37\": 64860400000000.0,\n      \"Unnamed: 38\": 67014500000000.0,\n      \"Unnamed: 39\": 68828700000000.0,\n      \"Unnamed: 40\": 70769500000000.0,\n      \"Unnamed: 41\": 72932200000000.0,\n      \"Unnamed: 42\": 75179300000000.0,\n      \"Unnamed: 43\": 77283500000000.0,\n      \"Unnamed: 44\": 79895200000000.0,\n      \"Unnamed: 45\": 82513100000000.0,\n      \"Unnamed: 46\": 84670700000000.0,\n      \"Unnamed: 47\": 81901000000000.0,\n      \"Unnamed: 48\": 86652900000000.0\n    },\n    {\n      \"Date\": \"12/31/2018\",\n      \"GRA Purchases\": 55395611392.0,\n      \"PRGT 1/2/\": 6426181029.0,\n      \"Totals\": 61821792421.0,\n      \"Year\": 2018.0,\n      \"Total_billion\": 61.82179242,\n      \"World_GDP\": 86400000000000.0,\n      \"Normalised_totals\": 0.000716,\n      \"totals_as%ofGDP\": 0.0716,\n      \"Unnamed: 9\": NaN,\n      \"Unnamed: 10\": NaN,\n      \"Unnamed: 11\": 86400000000000.0,\n      \"Unnamed: 12\": NaN,\n      \"Unnamed: 13\": 87700000000000.0,\n      \"Unnamed: 14\": 36.0,\n      \"Unnamed: 15\": NaN,\n      \"Unnamed: 16\": 84670700000000.0,\n      \"Unnamed: 17\": 3.0,\n      \"Unnamed: 18\": NaN,\n      \"Unnamed: 19\": NaN,\n      \"Unnamed: 20\": NaN,\n      \"Unnamed: 21\": NaN,\n      \"Unnamed: 22\": NaN,\n      \"Unnamed: 23\": NaN,\n      \"Unnamed: 24\": NaN,\n      \"Unnamed: 25\": NaN,\n      \"Unnamed: 26\": NaN,\n      \"Unnamed: 27\": NaN,\n      \"Unnamed: 28\": NaN,\n      \"Unnamed: 29\": NaN,\n      \"Unnamed: 30\": NaN,\n      \"Unnamed: 31\": NaN,\n      \"Unnamed: 32\": NaN,\n      \"Unnamed: 33\": NaN,\n      \"Unnamed: 34\": NaN,\n      \"Unnamed: 35\": NaN,\n      \"Unnamed: 36\": NaN,\n      \"Unnamed: 37\": NaN,\n      \"Unnamed: 38\": NaN,\n      \"Unnamed: 39\": NaN,\n      \"Unnamed: 40\": NaN,\n      \"Unnamed: 41\": NaN,\n      \"Unnamed: 42\": NaN,\n      \"Unnamed: 43\": NaN,\n      \"Unnamed: 44\": NaN,\n      \"Unnamed: 45\": NaN,\n      \"Unnamed: 46\": NaN,\n      \"Unnamed: 47\": NaN,\n      \"Unnamed: 48\": NaN\n    },\n    {\n      \"Date\": NaN,\n      \"GRA Purchases\": NaN,\n      \"PRGT 1/2/\": NaN,\n      \"Totals\": NaN,\n      \"Year\": NaN,\n      \"Total_billion\": NaN,\n      \"World_GDP\": NaN,\n      \"Normalised_totals\": NaN,\n      \"totals_as%ofGDP\": NaN,\n      \"Unnamed: 9\": NaN,\n      \"Unnamed: 10\": NaN,\n      \"Unnamed: 11\": NaN,\n      \"Unnamed: 12\": NaN,\n      \"Unnamed: 13\": NaN,\n      \"Unnamed: 14\": NaN,\n      \"Unnamed: 15\": NaN,\n      \"Unnamed: 16\": NaN,\n      \"Unnamed: 17\": NaN,\n      \"Unnamed: 18\": NaN,\n      \"Unnamed: 19\": NaN,\n      \"Unnamed: 20\": NaN,\n      \"Unnamed: 21\": NaN,\n      \"Unnamed: 22\": NaN,\n      \"Unnamed: 23\": NaN,\n      \"Unnamed: 24\": NaN,\n      \"Unnamed: 25\": NaN,\n      \"Unnamed: 26\": NaN,\n      \"Unnamed: 27\": NaN,\n      \"Unnamed: 28\": NaN,\n      \"Unnamed: 29\": NaN,\n      \"Unnamed: 30\": NaN,\n      \"Unnamed: 31\": NaN,\n      \"Unnamed: 32\": NaN,\n      \"Unnamed: 33\": NaN,\n      \"Unnamed: 34\": NaN,\n      \"Unnamed: 35\": NaN,\n      \"Unnamed: 36\": NaN,\n      \"Unnamed: 37\": NaN,\n      \"Unnamed: 38\": NaN,\n      \"Unnamed: 39\": NaN,\n      \"Unnamed: 40\": NaN,\n      \"Unnamed: 41\": NaN,\n      \"Unnamed: 42\": NaN,\n      \"Unnamed: 43\": NaN,\n      \"Unnamed: 44\": NaN,\n      \"Unnamed: 45\": NaN,\n      \"Unnamed: 46\": NaN,\n      \"Unnamed: 47\": NaN,\n      \"Unnamed: 48\": NaN\n    },\n    {\n      \"Date\": \"12/31/2019\",\n      \"GRA Purchases\": 66945509865.0,\n      \"PRGT 1/2/\": 6590835450.0,\n      \"Totals\": 73536345315.0,\n      \"Year\": 2019.0,\n      \"Total_billion\": 73.53634532,\n      \"World_GDP\": 87700000000000.0,\n      \"Normalised_totals\": 0.000838,\n      \"totals_as%ofGDP\": 0.0838,\n      \"Unnamed: 9\": NaN,\n      \"Unnamed: 10\": NaN,\n      \"Unnamed: 11\": 87700000000000.0,\n      \"Unnamed: 12\": NaN,\n      \"Unnamed: 13\": 84900000000000.0,\n      \"Unnamed: 14\": 37.0,\n      \"Unnamed: 15\": NaN,\n      \"Unnamed: 16\": 81901000000000.0,\n      \"Unnamed: 17\": 2.0,\n      \"Unnamed: 18\": NaN,\n      \"Unnamed: 19\": NaN,\n      \"Unnamed: 20\": NaN,\n      \"Unnamed: 21\": NaN,\n      \"Unnamed: 22\": NaN,\n      \"Unnamed: 23\": NaN,\n      \"Unnamed: 24\": NaN,\n      \"Unnamed: 25\": NaN,\n      \"Unnamed: 26\": NaN,\n      \"Unnamed: 27\": NaN,\n      \"Unnamed: 28\": NaN,\n      \"Unnamed: 29\": NaN,\n      \"Unnamed: 30\": NaN,\n      \"Unnamed: 31\": NaN,\n      \"Unnamed: 32\": NaN,\n      \"Unnamed: 33\": NaN,\n      \"Unnamed: 34\": NaN,\n      \"Unnamed: 35\": NaN,\n      \"Unnamed: 36\": NaN,\n      \"Unnamed: 37\": NaN,\n      \"Unnamed: 38\": NaN,\n      \"Unnamed: 39\": NaN,\n      \"Unnamed: 40\": NaN,\n      \"Unnamed: 41\": NaN,\n      \"Unnamed: 42\": NaN,\n      \"Unnamed: 43\": NaN,\n      \"Unnamed: 44\": NaN,\n      \"Unnamed: 45\": NaN,\n      \"Unnamed: 46\": NaN,\n      \"Unnamed: 47\": NaN,\n      \"Unnamed: 48\": NaN\n    },\n    {\n      \"Date\": \"12/31/2001\",\n      \"GRA Purchases\": 53477225409.0,\n      \"PRGT 1/2/\": 6424578684.0,\n      \"Totals\": 59901804093.0,\n      \"Year\": 2001.0,\n      \"Total_billion\": 59.90180409,\n      \"World_GDP\": 33600000000000.0,\n      \"Normalised_totals\": 0.00178,\n      \"totals_as%ofGDP\": 0.178,\n      \"Unnamed: 9\": NaN,\n      \"Unnamed: 10\": NaN,\n      \"Unnamed: 11\": 34900000000000.0,\n      \"Unnamed: 12\": NaN,\n      \"Unnamed: 13\": 34900000000000.0,\n      \"Unnamed: 14\": 19.0,\n      