region,adoption
World,6293.724128825033
OECD90,1339.1798237969147
Eastern Europe,416.75127650882087
Asia (Sans Japan),1900.7744653837271
Middle East and Africa,121.28426842290466
Latin America,87.69013341590633
China,1165.8360537623478
India,588.5261161622009
EU,571.5227293050552
USA,588.4497640515553
