{
  "table_info": {
    "table_columns": [
      "Unnamed: 0",
      "Player",
      "Progressive Carries",
      "Touches",
      "Expected Assists",
      "Progressive Passes",
      "Passes",
      "Interceptions",
      "Possession-Winning-Tackles",
      "Aerials Won",
      "Pos",
      "Non-Penalty Expected Goals",
      "cluster",
      "Component 1",
      "Component 2"
    ],
    "table_samples": [
      {
        "Unnamed: 0": 0,
        "Player": "Max Aarons",
        "Progressive Carries": 5.4375,
        "Touches": 57.96875,
        "Expected Assists": 0.04375,
        "Progressive Passes": 2.9375,
        "Passes": 33.96875,
        "Interceptions": 1.75,
        "Possession-Winning-Tackles": 1.15625,
        "Aerials Won": 0.46875,
        "Pos": "Defender",
        "Non-Penalty Expected Goals": 0.02,
        "cluster": 6,
        "Component 1": -0.6794867331318681,
        "Component 2": 0.4101967803346252
      },
      {
        "Unnamed: 0": 50,
        "Player": "Marko Arnautovi\u0107",
        "Progressive Carries": 2.876254180602007,
        "Touches": 42.00668896321071,
        "Expected Assists": 0.1471571906354515,
        "Progressive Passes": 1.7391304347826089,
        "Passes": 22.842809364548497,
        "Interceptions": 0.5016722408026756,
        "Possession-Winning-Tackles": 0.5016722408026756,
        "Aerials Won": 1.6387959866220736,
        "Pos": "Forward",
        "Non-Penalty Expected Goals": 0.42,
        "cluster": 0,
        "Component 1": 3.12519867960382,
        "Component 2": -0.0827086350645986
      },
      {
        "Unnamed: 0": 696,
        "Player": "\u00c1lex Moreno",
        "Progressive Carries": 6.51685393258427,
        "Touches": 67.60299625468166,
        "Expected Assists": 0.0898876404494382,
        "Progressive Passes": 3.333333333333333,
        "Passes": 38.95131086142322,
        "Interceptions": 1.797752808988764,
        "Possession-Winning-Tackles": 1.647940074906367,
        "Aerials Won": 1.3857677902621723,
        "Pos": "Defender",
        "Non-Penalty Expected Goals": 0.11,
        "cluster": 6,
        "Component 1": -1.006348954674283,
        "Component 2": 1.038284118157279
      },
      {
        "Unnamed: 0": 315,
        "Player": "Youssouf Fofana",
        "Progressive Carries": 5.432098765432099,
        "Touches": 60.74074074074074,
        "Expected Assists": 0.1069958847736625,
        "Progressive Passes": 5.51440329218107,
        "Passes": 37.86008230452675,
        "Interceptions": 1.8106995884773665,
        "Possession-Winning-Tackles": 2.098765432098765,
        "Aerials Won": 0.6584362139917695,
        "Pos": "Midfielder",
        "Non-Penalty Expected Goals": 0.05,
        "cluster": 6,
        "Component 1": -1.268863259728492,
        "Component 2": 0.9366343123832463
      },
      {
        "Unnamed: 0": 32,
        "Player": "Yeray \u00c1lvarez",
        "Progressive Carries": 2.318840579710145,
        "Touches": 58.93719806763285,
        "Expected Assists": 0.0048309178743961,
        "Progressive Passes": 2.9468599033816427,
        "Passes": 39.85507246376812,
        "Interceptions": 2.608695652173913,
        "Possession-Winning-Tackles": 0.9178743961352658,
        "Aerials Won": 3.3816425120772946,
        "Pos": "Defender",
        "Non-Penalty Expected Goals": 0.02,
        "cluster": 5,
        "Component 1": -1.371324390982382,
        "Component 2": -1.9393537810907775
      }
    ]
  },
  "nl_utterance": "Create a scatter plot with the position of players on the color axis and their component scores on the x and y axes.",
  "refer_fileds": [
    {
      "field": [
        "Component 1",
        "Component 2"
      ],
      "type": "quantitative"
    },
    {
      "field": "Component 2",
      "type": "quantitative"
    },
    {
      "field": "Pos",
      "type": "nominal"
    }
  ],
  "refer_others": [],
  "generated_chart_list": [
    {
      "mark": "bar",
      "encoding": {
        "x": {
          "field": "Component 1",
          "type": "quantitative",
          "bin": true
        },
        "y": {
          "field": "Component 2",
          "type": "quantitative",
          "aggregate": "sum"
        },
        "color": {
          "field": "Pos",
          "type": "nominal"
        }
      }
    },
    {
      "mark": "bar",
      "encoding": {
        "x": {
          "field": "Component 1",
          "type": "quantitative",
          "bin": true
        },
        "y": {
          "field": "Component 2",
          "type": "quantitative",
          "aggregate": "mean"
        },
        "color": {
          "field": "Pos",
          "type": "nominal"
        }
      }
    },
    {
      "mark": "bar",
      "encoding": {
        "x": {
          "field": "Component 2",
          "type": "quantitative",
          "bin": true
        },
        "y": {
          "field": "Component 2",
          "type": "quantitative",
          "aggregate": "sum"
        },
        "color": {
          "field": "Pos",
          "type": "nominal"
        }
      }
    },
    {
      "mark": "bar",
      "encoding": {
        "x": {
          "field": "Component 2",
          "type": "quantitative",
          "bin": true
        },
        "y": {
          "field": "Component 2",
          "type": "quantitative",
          "aggregate": "mean"
        },
        "color": {
          "field": "Pos",
          "type": "nominal"
        }
      }
    },
    {
      "mark": "bar",
      "encoding": {
        "x": {
          "field": "Component 2",
          "type": "quantitative",
          "bin": true
        },
        "y": {
          "field": "Component 1",
          "type": "quantitative",
          "aggregate": "sum"
        },
        "color": {
          "field": "Pos",
          "type": "nominal"
        }
      }
    },
    {
      "mark": "bar",
      "encoding": {
        "x": {
          "field": "Component 2",
          "type": "quantitative",
          "bin": true
        },
        "y": {
          "field": "Component 1",
          "type": "quantitative",
          "aggregate": "mean"
        },
        "color": {
          "field": "Pos",
          "type": "nominal"
        }
      }
    },
    {
      "mark": "bar",
      "encoding": {
        "x": {
          "field": "Component 2",
          "type": "quantitative",
          "bin": true
        },
        "y": {
          "field": "Component 2",
          "type": "quantitative",
          "aggregate": "sum"
        },
        "color": {
          "field": "Pos",
          "type": "nominal"
        }
      }
    },
    {
      "mark": "bar",
      "encoding": {
        "x": {
          "field": "Component 2",
          "type": "quantitative",
          "bin": true
        },
        "y": {
          "field": "Component 2",
          "type": "quantitative",
          "aggregate": "mean"
        },
        "color": {
          "field": "Pos",
          "type": "nominal"
        }
      }
    },
    {
      "mark": "point",
      "encoding": {
        "x": {
          "field": "Component 1",
          "type": "quantitative"
        },
        "y": {
          "field": "Component 2",
          "type": "quantitative"
        },
        "color": {
          "field": "Pos",
          "type": "nominal"
        }
      }
    },
    {
      "mark": "point",
      "encoding": {
        "x": {
          "field": "Component 2",
          "type": "quantitative"
        },
        "y": {
          "field": "Component 2",
          "type": "quantitative"
        },
        "color": {
          "field": "Pos",
          "type": "nominal"
        }
      }
    },
    {
      "mark": "point",
      "encoding": {
        "x": {
          "field": "Component 1",
          "type": "quantitative"
        },
        "y": {
          "field": "Pos",
          "type": "nominal"
        },
        "size": {
          "field": "Component 2",