{
  "table_info": {
    "table_columns": [
      "Date",
      "GRA Purchases",
      "PRGT 1/2/",
      "Totals",
      "Year",
      "Unnamed: 5",
      "Unnamed: 6",
      "IMF Lending as a % of GDP",
      "Unnamed: 8",
      "Unnamed: 9",
      "Unnamed: 10",
      "Unnamed: 11",
      "Unnamed: 12",
      "Unnamed: 13",
      "Unnamed: 14",
      "Unnamed: 15",
      "Unnamed: 16",
      "Unnamed: 17",
      "Unnamed: 18",
      "Unnamed: 19",
      "Unnamed: 20",
      "Unnamed: 21",
      "Unnamed: 22",
      "Unnamed: 23",
      "Unnamed: 24",
      "Unnamed: 25",
      "Unnamed: 26",
      "Unnamed: 27",
      "Unnamed: 28",
      "Unnamed: 29",
      "Unnamed: 30",
      "Unnamed: 31",
      "Unnamed: 32",
      "Unnamed: 33",
      "Unnamed: 34",
      "Unnamed: 35",
      "Unnamed: 36",
      "Unnamed: 37",
      "Unnamed: 38",
      "Unnamed: 39",
      "Unnamed: 40",
      "Unnamed: 41",
      "Unnamed: 42",
      "Unnamed: 43",
      "Unnamed: 44",
      "Unnamed: 45",
      "Unnamed: 46",
      "Unnamed: 47",
      "Unnamed: 48",
      "Unnamed: 49",
      "Unnamed: 50",
      "Unnamed: 51",
      "Unnamed: 52"
    ],
    "table_samples": [
      {
        "Date": "08/31/2022",
        "GRA Purchases": 93769635059.0,
        "PRGT 1/2/": 15254184552.0,
        "Totals": 109000000000.0,
        "Year": 2022.0,
        "Unnamed: 5": "96,100,000,000,000",
        "Unnamed: 6": 0.001134485,
        "IMF Lending as a % of GDP": 0.1134485,
        "Unnamed: 8": NaN,
        "Unnamed: 9": 11997.41,
        "Unnamed: 10": 12523.328,
        "Unnamed: 11": 14771.979,
        "Unnamed: 12": 17008.945,
        "Unnamed: 13": 19125.335,
        "Unnamed: 14": 20122.142,
        "Unnamed: 15": 23654.018,
        "Unnamed: 16": 24492.481,
        "Unnamed: 17": 25328.261,
        "Unnamed: 18": 26039.542,
        "Unnamed: 19": 27985.29,
        "Unnamed: 20": 31199.71,
        "Unnamed: 21": 32068.872,
        "Unnamed: 22": 31979.647,
        "Unnamed: 23": 31824.477,
        "Unnamed: 24": 32949.687,
        "Unnamed: 25": 34039.874,
        "Unnamed: 26": 33788.307,
        "Unnamed: 27": 34900.086,
        "Unnamed: 28": 39193.343,
        "Unnamed: 29": 44116.922,
        "Unnamed: 30": 47792.249,
        "Unnamed: 31": 51762.962,
        "Unnamed: 32": 58443.072,
        "Unnamed: 33": 64108.44,
        "Unnamed: 34": 60731.151,
        "Unnamed: 35": 66435.818,
        "Unnamed: 36": 73747.749,
        "Unnamed: 37": 75116.959,
        "Unnamed: 38": 77290.82,
        "Unnamed: 39": 79321.72,
        "Unnamed: 40": 75042.63,
        "Unnamed: 41": 76267.375,
        "Unnamed: 42": 80945.405,
        "Unnamed: 43": 86084.955,
        "Unnamed: 44": 87536.338,
        "Unnamed: 45": 85238.623,
        "Unnamed: 46": 96292.574,
        "Unnamed: 47": 103867.109,
        "Unnamed: 48": 110751.392,
        "Unnamed: 49": 117007.745,
        "Unnamed: 50": 123297.35,
        "Unnamed: 51": 129728.878,
        "Unnamed: 52": 136383.604
      },
      {
        "Date": "12/31/1989",
        "GRA Purchases": 22315104224.0,
        "PRGT 1/2/": 2334886562.0,
        "Totals": 24649990786.0,
        "Year": 1989.0,
        "Unnamed: 5": "20,190,000,000,000",
        "Unnamed: 6": 0.001220901,
        "IMF Lending as a % of GDP": 0.122090098,
        "Unnamed: 8": NaN,
        "Unnamed: 9": NaN,
        "Unnamed: 10": NaN,
        "Unnamed: 11": NaN,
        "Unnamed: 12": NaN,
        "Unnamed: 13": NaN,
        "Unnamed: 14": NaN,
        "Unnamed: 15": NaN,
        "Unnamed: 16": NaN,
        "Unnamed: 17": NaN,
        "Unnamed: 18": NaN,
        "Unnamed: 19": NaN,
        "Unnamed: 20": NaN,
        "Unnamed: 21": NaN,
        "Unnamed: 22": NaN,
        "Unnamed: 23": NaN,
        "Unnamed: 24": NaN,
        "Unnamed: 25": NaN,
        "Unnamed: 26": NaN,
        "Unnamed: 27": NaN,
        "Unnamed: 28": NaN,
        "Unnamed: 29": NaN,
        "Unnamed: 30": NaN,
        "Unnamed: 31": NaN,
        "Unnamed: 32": NaN,
        "Unnamed: 33": NaN,
        "Unnamed: 34": NaN,
        "Unnamed: 35": NaN,
        "Unnamed: 36": NaN,
        "Unnamed: 37": NaN,
        "Unnamed: 38": NaN,
        "Unnamed: 39": NaN,
        "Unnamed: 40": NaN,
        "Unnamed: 41": NaN,
        "Unnamed: 42": NaN,
        "Unnamed: 43": NaN,
        "Unnamed: 44": NaN,
        "Unnamed: 45": NaN,
        "Unnamed: 46": NaN,
        "Unnamed: 47": NaN,
        "Unnamed: 48": NaN,
        "Unnamed: 49": NaN,
        "Unnamed: 50": NaN,
        "Unnamed: 51": NaN,
        "Unnamed: 52": NaN
      },
      {
        "Date": "12/31/2010",
        "GRA Purchases": 55620104510.0,
        "PRGT 1/2/": 4819344134.0,
        "Totals": 60439448644.0,
        "Year": 2010.0,
        "Unnamed: 5": "66,600,000,000,000",
        "Unnamed: 6": 0.000907499,
        "IMF Lending as a % of GDP": 0.090749923,
        "Unnamed: 8": NaN,
        "Unnamed: 9": NaN,
        "Unnamed: 10": NaN,
        "Unnamed: 11": NaN,
        "Unnamed: 12": NaN,
        "Unnamed: 13": NaN,
        "Unnamed: 14": NaN,
        "Unnamed: 15": NaN,
        "Unnamed: 16": NaN,
        "Unnamed: 17": NaN,
        "Unnamed: 18": NaN,
        "Unnamed: 19": NaN,
        "Unnamed: 20": NaN,
        "Unnamed: 21": NaN,
        "Unnamed: 22": NaN,
        "Unnamed: 23": NaN,
        "Unnamed: 24": NaN,
        "Unnamed: 25": NaN,
        "Unnamed: 26": NaN,
        "Unnamed: 27": NaN,
        "Unnamed: 28": NaN,
        "Unnamed: 29": NaN,
        "Unnamed: 30": NaN,
        "Unnamed: 31": NaN,
        "Unnamed: 32": NaN,
        "Unnamed: 33": NaN,
        "Unnamed: 34": NaN,
        "Unnamed: 35": NaN,
        "Unnamed: 36": NaN,
        "Unnamed: 37": NaN,
        "Unnamed: 38": NaN,
        "Unnamed: 39": NaN,
        "Unnamed: 40": NaN,
        "Unnamed: 41": NaN,
        "Unnamed: 42": NaN,
        "Unnamed: 43": NaN,
        "Unnamed: 44": NaN,
        "Unnamed: 45": NaN,
        "Unnamed: 46": NaN,
        "Unnamed: 47": NaN,
        "Unnamed: 48": NaN,
        "Unnamed: 49": NaN,
        "Unnamed: 50": NaN,
        "Unnamed: 51": NaN,
        "Unnamed: 52": NaN
      },
      {
        "Date": "12/31/2017",
        "GRA Purchases": 39585385873.0,
        "PRGT 1/2/": 6522280669.0,
        "Totals": 46107666542.0,
        "Year": 2017.0,
        "Unnamed: 5": "81,400,000,000,000",
        "Unnamed: 6": 0.000566433,
        "IMF Lending as a % of GDP": 0.056643325,
        "Unnamed: 8": NaN,
        "Unnamed: 9": NaN,
        "Unnamed: 10": NaN,
        "Unnamed: 11": NaN,
        "Unnamed: 12": NaN,
        "Unnamed: 13": NaN,
        "Unnamed: 14": NaN,
        "Unnamed: 15": NaN,
        "Unnamed: 16": NaN,
        "Unnamed: 17": NaN,
        "Unnamed: 18": NaN,
        "Unnamed: 19": NaN,
        "Unnamed: 20": NaN,
        "Unnamed: 21": NaN,
        "Unnamed: 22": NaN,
        "Unnamed: 23": NaN,
        "Unnamed: 24": NaN,
        "Unnamed: 25": NaN,
        "Unnamed: 26": NaN,
        "Unnamed: 27": NaN,
        "Unnamed: 28": NaN,
        "Unnamed: 29": NaN,
        "Unnamed: 30": NaN,
        "Unnamed: 31": NaN,
        "Unnamed: 32": NaN,
        "Unnamed: 33": NaN,
        "Unnamed: 34": NaN,
        "Unnamed: 35": NaN,
        "Unnamed: 36": NaN,
        "Unnamed: 37": NaN,
        "Unnamed: 38": NaN,
        "Unnamed: 39": NaN,
        "Unnamed: 40": NaN,
        "Unnamed: 41": NaN,
        "Unnamed: 42": NaN,
        "Unnamed: 43": NaN,
        "Unnamed: 44": NaN,
        "Unnamed: 45": NaN,
        "Unnamed: 46": NaN,
        "Unnamed: 47": NaN,
        "Unnamed: 48": NaN,
        "Unnamed: 49": NaN,
        "Unnamed: 50": NaN,
        "Unnamed: 51": NaN,
        "Unnamed: 52": NaN
      },
      {
        "Date": "12/31/2015",
        "GRA Purchases": 50757840741.0,
        "PRGT 1/2/": 6575911158.0,
        "Totals": 57333751899.0,
        "Year": 2015.0,
        "Unnamed: 5": "75,180,000,000,000",
        "Unnamed: 6": 0.00076262,
        "IMF Lending as a % of GDP": 0.076261974,