{
  "table_info": {
    "table_columns": [
      "Unnamed: 0",
      "Player",
      "Progressive Carries",
      "Touches",
      "Expected Assists",
      "Progressive Passes",
      "Passes",
      "Interceptions",
      "Possession-Winning-Tackles",
      "Aerials Won",
      "Pos",
      "Non-Penalty Expected Goals",
      "cluster",
      "Component 1",
      "Component 2"
    ],
    "table_samples": [
      {
        "Unnamed: 0": 0,
        "Player": "Max Aarons",
        "Progressive Carries": 5.4375,
        "Touches": 57.96875,
        "Expected Assists": 0.04375,
        "Progressive Passes": 2.9375,
        "Passes": 33.96875,
        "Interceptions": 1.75,
        "Possession-Winning-Tackles": 1.15625,
        "Aerials Won": 0.46875,
        "Pos": "Defender",
        "Non-Penalty Expected Goals": 0.02,
        "cluster": 6,
        "Component 1": -0.6794867331318681,
        "Component 2": 0.4101967803346252
      },
      {
        "Unnamed: 0": 948,
        "Player": "Adrien Thomasson",
        "Progressive Carries": 3.547169811320755,
        "Touches": 64.0754716981132,
        "Expected Assists": 0.1735849056603773,
        "Progressive Passes": 3.924528301886793,
        "Passes": 38.41509433962264,
        "Interceptions": 1.8113207547169807,
        "Possession-Winning-Tackles": 1.5849056603773586,
        "Aerials Won": 0.6792452830188679,
        "Pos": "Midfielder",
        "Non-Penalty Expected Goals": 0.24,
        "cluster": 6,
        "Component 1": -0.1059661601404364,
        "Component 2": 1.0078330939832745
      },
      {
        "Unnamed: 0": 547,
        "Player": "Lukas K\u00fcbler",
        "Progressive Carries": 3.1660231660231664,
        "Touches": 58.84169884169884,
        "Expected Assists": 0.0347490347490347,
        "Progressive Passes": 3.667953667953668,
        "Passes": 35.01930501930502,
        "Interceptions": 2.471042471042471,
        "Possession-Winning-Tackles": 1.2355212355212355,
        "Aerials Won": 2.1621621621621623,
        "Pos": "Defender",
        "Non-Penalty Expected Goals": 0.05,
        "cluster": 1,
        "Component 1": -1.1563399456289227,
        "Component 2": -1.039764778761794
      },
      {
        "Unnamed: 0": 273,
        "Player": "Alfred Duncan",
        "Progressive Carries": 3.72093023255814,
        "Touches": 51.627906976744185,
        "Expected Assists": 0.0837209302325581,
        "Progressive Passes": 4.837209302325581,
        "Passes": 34.93023255813954,
        "Interceptions": 1.069767441860465,
        "Possession-Winning-Tackles": 1.069767441860465,
        "Aerials Won": 0.6976744186046512,
        "Pos": "Midfielder",
        "Non-Penalty Expected Goals": 0.06,
        "cluster": 3,
        "Component 1": 0.2159559015047462,
        "Component 2": 0.1357421094943138
      },
      {
        "Unnamed: 0": 389,
        "Player": "Christian G\u00fcnter",
        "Progressive Carries": 3.764705882352941,
        "Touches": 56.6764705882353,
        "Expected Assists": 0.2147058823529411,
        "Progressive Passes": 3.4411764705882355,
        "Passes": 34.23529411764706,
        "Interceptions": 0.8823529411764706,
        "Possession-Winning-Tackles": 0.6176470588235294,
        "Aerials Won": 0.5294117647058824,
        "Pos": "Defender",
        "Non-Penalty Expected Goals": 0.02,
        "cluster": 3,
        "Component 1": 0.8244868387201156,
        "Component 2": 1.1125621505525394
      }
    ]
  },
  "nl_utterance": "Show me a scatter plot that reveals the correlation between Component 1 and Component 2, with each point representing a different position.",
  "refer_fileds": [
    {
      "field": [
        "Component 1",
        "Component 2"
      ],
      "type": "quantitative"
    },
    {
      "field": "Component 2",
      "type": "quantitative"
    },
    {
      "field": "Pos",
      "type": "nominal"
    }
  ],
  "refer_others": [],
  "generated_chart_list": [
    {
      "mark": "bar",
      "encoding": {
        "x": {
          "field": "Component 1",
          "type": "quantitative",
          "bin": true
        },
        "y": {
          "field": "Component 2",
          "type": "quantitative",
          "aggregate": "sum"
        },
        "color": {
          "field": "Pos",
          "type": "nominal"
        }
      }
    },
    {
      "mark": "bar",
      "encoding": {
        "x": {
          "field": "Component 1",
          "type": "quantitative",
          "bin": true
        },
        "y": {
          "field": "Component 2",
          "type": "quantitative",
          "aggregate": "mean"
        },
        "color": {
          "field": "Pos",
          "type": "nominal"
        }
      }
    },
    {
      "mark": "bar",
      "encoding": {
        "x": {
          "field": "Component 2",
          "type": "quantitative",
          "bin": true
        },
        "y": {
          "field": "Component 2",
          "type": "quantitative",
          "aggregate": "sum"
        },
        "color": {
          "field": "Pos",
          "type": "nominal"
        }
      }
    },
    {
      "mark": "bar",
      "encoding": {
        "x": {
          "field": "Component 2",
          "type": "quantitative",
          "bin": true
        },
        "y": {
          "field": "Component 2",
          "type": "quantitative",
          "aggregate": "mean"
        },
        "color": {
          "field": "Pos",
          "type": "nominal"
        }
      }
    },
    {
      "mark": "bar",
      "encoding": {
        "x": {
          "field": "Component 2",
          "type": "quantitative",
          "bin": true
        },
        "y": {
          "field": "Component 1",
          "type": "quantitative",
          "aggregate": "sum"
        },
        "color": {
          "field": "Pos",
          "type": "nominal"
        }
      }
    },
    {
      "mark": "bar",
      "encoding": {
        "x": {
          "field": "Component 2",
          "type": "quantitative",
          "bin": true
        },
        "y": {
          "field": "Component 1",
          "type": "quantitative",
          "aggregate": "mean"
        },
        "color": {
          "field": "Pos",
          "type": "nominal"
        }
      }
    },
    {
      "mark": "bar",
      "encoding": {
        "x": {
          "field": "Component 2",
          "type": "quantitative",
          "bin": true
        },
        "y": {
          "field": "Component 2",
          "type": "quantitative",
          "aggregate": "sum"
        },
        "color": {
          "field": "Pos",
          "type": "nominal"
        }
      }
    },
    {
      "mark": "bar",
      "encoding": {
        "x": {
          "field": "Component 2",
          "type": "quantitative",
          "bin": true
        },
        "y": {
          "field": "Component 2",
          "type": "quantitative",
          "aggregate": "mean"
        },
        "color": {
          "field": "Pos",
          "type": "nominal"
        }
      }
    },
    {
      "mark": "point",
      "encoding": {
        "x": {
          "field": "Component 1",
          "type": "quantitative"
        },
        "y": {
          "field": "Component 2",
          "type": "quantitative"
        },
        "color": {
          "field": "Pos",
          "type": "nominal"
        }
      }
    },
    {
      "mark": "point",
      "encoding": {
        "x": {
          "field": "Component 2",
          "type": "quantitative"
        },
        "y": {
          "field": "Component 2",
          "type": "quantitative"
        },
        "color": {
          "field": "Pos",
          "type": "nominal"
        }
      }
    },
    {
      "mark": "point",
      "encoding": {
        "x": {
          "field": "Component 1",
          "type": "quantitative"
        },
        "y": {
          "field": "Pos",
          "type": "nominal"
        },
        "size": {
          "field": "Component 2",