{
  "table_info": {
    "table_columns": [
      "Unnamed: 0",
      "Player",
      "Progressive Carries",
      "Touches",
      "Expected Assists",
      "Progressive Passes",
      "Passes",
      "Interceptions",
      "Possession-Winning-Tackles",
      "Aerials Won",
      "Pos",
      "Non-Penalty Expected Goals",
      "cluster",
      "Component 1",
      "Component 2"
    ],
    "table_samples": [
      {
        "Unnamed: 0": 0,
        "Player": "Max Aarons",
        "Progressive Carries": 5.4375,
        "Touches": 57.96875,
        "Expected Assists": 0.04375,
        "Progressive Passes": 2.9375,
        "Passes": 33.96875,
        "Interceptions": 1.75,
        "Possession-Winning-Tackles": 1.15625,
        "Aerials Won": 0.46875,
        "Pos": "Defender",
        "Non-Penalty Expected Goals": 0.02,
        "cluster": 6,
        "Component 1": -0.6794867331318681,
        "Component 2": 0.4101967803346252
      },
      {
        "Unnamed: 0": 124,
        "Player": "Ryad Boudebouz",
        "Progressive Carries": 6.48,
        "Touches": 71.36,
        "Expected Assists": 0.152,
        "Progressive Passes": 4.96,
        "Passes": 48.88,
        "Interceptions": 0.72,
        "Possession-Winning-Tackles": 0.76,
        "Aerials Won": 0.56,
        "Pos": "Winger",
        "Non-Penalty Expected Goals": 0.06,
        "cluster": 4,
        "Component 1": -0.1031193422516471,
        "Component 2": 2.1003318213519755
      },
      {
        "Unnamed: 0": 132,
        "Player": "Darko Bra\u0161anac",
        "Progressive Carries": 3.595505617977528,
        "Touches": 43.67041198501873,
        "Expected Assists": 0.0599250936329588,
        "Progressive Passes": 2.059925093632959,
        "Passes": 25.805243445692884,
        "Interceptions": 1.0861423220973785,
        "Possession-Winning-Tackles": 1.2734082397003743,
        "Aerials Won": 2.134831460674157,
        "Pos": "Midfielder",
        "Non-Penalty Expected Goals": 0.06,
        "cluster": 3,
        "Component 1": 0.4810675486562342,
        "Component 2": -0.9074300314854188
      },
      {
        "Unnamed: 0": 709,
        "Player": "Obite N'Dicka",
        "Progressive Carries": 2.365930599369085,
        "Touches": 71.26182965299685,
        "Expected Assists": 0.0315457413249211,
        "Progressive Passes": 2.649842271293376,
        "Passes": 49.71608832807571,
        "Interceptions": 2.018927444794953,
        "Possession-Winning-Tackles": 1.3564668769716088,
        "Aerials Won": 4.44794952681388,
        "Pos": "Defender",
        "Non-Penalty Expected Goals": 0.08,
        "cluster": 1,
        "Component 1": -1.6897705078913954,
        "Component 2": -1.5542796907282124
      },
      {
        "Unnamed: 0": 68,
        "Player": "Ridle Baku",
        "Progressive Carries": 5.882352941176471,
        "Touches": 62.68382352941177,
        "Expected Assists": 0.1764705882352941,
        "Progressive Passes": 4.411764705882353,
        "Passes": 37.463235294117645,
        "Interceptions": 1.4705882352941178,
        "Possession-Winning-Tackles": 1.25,
        "Aerials Won": 1.1029411764705883,
        "Pos": "Wingback",
        "Non-Penalty Expected Goals": 0.08,
        "cluster": 4,
        "Component 1": -0.1530511185047367,
        "Component 2": 1.407084547559839
      }
    ]
  },
  "nl_utterance": "Show me a scatter plot to explore the correlation between the second component and player positions.",
  "refer_fileds": [
    {
      "field": "Component 2",
      "type": "quantitative"
    },
    {
      "field": "Pos",
      "type": "nominal"
    }
  ],
  "refer_others": [],
  "generated_chart_list": [
    {
      "mark": "arc",
      "encoding": {
        "theta": {
          "field": "Component 2",
          "type": "quantitative",
          "aggregate": "sum"
        },
        "color": {
          "field": "Pos",
          "type": "nominal"
        }
      }
    },
    {
      "mark": "arc",
      "encoding": {
        "theta": {
          "field": "Component 2",
          "type": "quantitative",
          "aggregate": "mean"
        },
        "color": {
          "field": "Pos",
          "type": "nominal"
        }
      }
    },
    {
      "mark": "bar",
      "encoding": {
        "x": {
          "field": "Pos",
          "type": "nominal"
        },
        "y": {
          "field": "Component 2",
          "type": "quantitative",
          "aggregate": "sum"
        }
      }
    },
    {
      "mark": "bar",
      "encoding": {
        "x": {
          "field": "Pos",
          "type": "nominal"
        },
        "y": {
          "field": "Component 2",
          "type": "quantitative",
          "aggregate": "mean"
        }
      }
    },
    {
      "mark": "point",
      "encoding": {
        "x": {
          "field": "Component 2",
          "type": "quantitative"
        },
        "y": {
          "field": "Pos",
          "type": "nominal"
        }
      }
    },
    {
      "mark": "point",
      "encoding": {
        "x": {
          "field": "Pos",
          "type": "nominal"
        },
        "y": {
          "field": "Component 2",
          "type": "quantitative"
        }
      }
    },
    {
      "mark": "boxplot",
      "encoding": {
        "y": {
          "field": "Component 2",
          "type": "quantitative"
        },
        "x": {
          "field": "Pos",
          "type": "nominal"
        }
      }
    }
  ]
}