{
  "table_info": {
    "table_columns": [
      "Unnamed: 0",
      "Player",
      "Progressive Carries",
      "Touches",
      "Expected Assists",
      "Progressive Passes",
      "Passes",
      "Interceptions",
      "Possession-Winning-Tackles",
      "Aerials Won",
      "Pos",
      "Non-Penalty Expected Goals",
      "cluster",
      "Component 1",
      "Component 2"
    ],
    "table_samples": [
      {
        "Unnamed: 0": 0,
        "Player": "Max Aarons",
        "Progressive Carries": 5.4375,
        "Touches": 57.96875,
        "Expected Assists": 0.04375,
        "Progressive Passes": 2.9375,
        "Passes": 33.96875,
        "Interceptions": 1.75,
        "Possession-Winning-Tackles": 1.15625,
        "Aerials Won": 0.46875,
        "Pos": "Defender",
        "Non-Penalty Expected Goals": 0.02,
        "cluster": 6,
        "Component 1": -0.6794867331318681,
        "Component 2": 0.4101967803346252
      },
      {
        "Unnamed: 0": 580,
        "Player": "Matthijs de Ligt",
        "Progressive Carries": 2.7946127946127945,
        "Touches": 65.35353535353535,
        "Expected Assists": 0.0168350168350168,
        "Progressive Passes": 1.7171717171717171,
        "Passes": 50.37037037037037,
        "Interceptions": 1.414141414141414,
        "Possession-Winning-Tackles": 0.7744107744107744,
        "Aerials Won": 3.67003367003367,
        "Pos": "Defender",
        "Non-Penalty Expected Goals": 0.05,
        "cluster": 5,
        "Component 1": -0.9115770232363604,
        "Component 2": -1.273244492715056
      },
      {
        "Unnamed: 0": 438,
        "Player": "Ciro Immobile",
        "Progressive Carries": 3.388704318936877,
        "Touches": 41.561461794019934,
        "Expected Assists": 0.0996677740863787,
        "Progressive Passes": 1.1295681063122922,
        "Passes": 23.05647840531561,
        "Interceptions": 0.3986710963455149,
        "Possession-Winning-Tackles": 0.2990033222591362,
        "Aerials Won": 0.5980066445182723,
        "Pos": "Forward",
        "Non-Penalty Expected Goals": 0.51,
        "cluster": 0,
        "Component 1": 3.509848444162562,
        "Component 2": 0.2411855029370636
      },
      {
        "Unnamed: 0": 954,
        "Player": "Jean-Clair Todibo",
        "Progressive Carries": 5.057803468208093,
        "Touches": 79.65317919075144,
        "Expected Assists": 0.0231213872832369,
        "Progressive Passes": 3.728323699421965,
        "Passes": 60.78034682080924,
        "Interceptions": 2.283236994219653,
        "Possession-Winning-Tackles": 1.3583815028901731,
        "Aerials Won": 2.138728323699422,
        "Pos": "Defender",
        "Non-Penalty Expected Goals": 0.07,
        "cluster": 6,
        "Component 1": -2.4683992122607377,
        "Component 2": 0.3510325724452319
      },
      {
        "Unnamed: 0": 846,
        "Player": "Amir Rrahmani",
        "Progressive Carries": 2.4923076923076923,
        "Touches": 68.64615384615385,
        "Expected Assists": 0.0061538461538461,
        "Progressive Passes": 2.276923076923077,
        "Passes": 56.18461538461538,
        "Interceptions": 1.1076923076923078,
        "Possession-Winning-Tackles": 0.6461538461538462,
        "Aerials Won": 2.9846153846153847,
        "Pos": "Defender",
        "Non-Penalty Expected Goals": 0.11,
        "cluster": 1,
        "Component 1": -0.7262765172469977,
        "Component 2": -0.8975860412314736
      }
    ]
  },
  "nl_utterance": "Show me the correlation between Component 1 and Component 2 for different positions on a scatter plot.",
  "refer_fileds": [
    {
      "field": "Component 1",
      "type": "quantitative"
    },
    {
      "field": "Component 2",
      "type": "quantitative"
    },
    {
      "field": "Pos",
      "type": "nominal"
    }
  ],
  "refer_others": [],
  "generated_chart_list": [
    {
      "mark": "bar",
      "encoding": {
        "x": {
          "field": "Component 1",
          "type": "quantitative",
          "bin": true
        },
        "y": {
          "field": "Component 2",
          "type": "quantitative",
          "aggregate": "sum"
        },
        "color": {
          "field": "Pos",
          "type": "nominal"
        }
      }
    },
    {
      "mark": "bar",
      "encoding": {
        "x": {
          "field": "Component 1",
          "type": "quantitative",
          "bin": true
        },
        "y": {
          "field": "Component 2",
          "type": "quantitative",
          "aggregate": "mean"
        },
        "color": {
          "field": "Pos",
          "type": "nominal"
        }
      }
    },
    {
      "mark": "bar",
      "encoding": {
        "x": {
          "field": "Component 2",
          "type": "quantitative",
          "bin": true
        },
        "y": {
          "field": "Component 1",
          "type": "quantitative",
          "aggregate": "sum"
        },
        "color": {
          "field": "Pos",
          "type": "nominal"
        }
      }
    },
    {
      "mark": "bar",
      "encoding": {
        "x": {
          "field": "Component 2",
          "type": "quantitative",
          "bin": true
        },
        "y": {
          "field": "Component 1",
          "type": "quantitative",
          "aggregate": "mean"
        },
        "color": {
          "field": "Pos",
          "type": "nominal"
        }
      }
    },
    {
      "mark": "point",
      "encoding": {
        "x": {
          "field": "Component 1",
          "type": "quantitative"
        },
        "y": {
          "field": "Component 2",
          "type": "quantitative"
        },
        "color": {
          "field": "Pos",
          "type": "nominal"
        }
      }
    },
    {
      "mark": "point",
      "encoding": {
        "x": {
          "field": "Component 1",
          "type": "quantitative"
        },
        "y": {
          "field": "Pos",
          "type": "nominal"
        },
        "size": {
          "field": "Component 2",
          "type": "quantitative"
        }
      }
    },
    {
      "mark": "point",
      "encoding": {
        "x": {
          "field": "Component 2",
          "type": "quantitative"
        },
        "y": {
          "field": "Component 1",
          "type": "quantitative"
        },
        "color": {
          "field": "Pos",
          "type": "nominal"
        }
      }
    },
    {
      "mark": "point",
      "encoding": {
        "x": {
          "field": "Component 2",
          "type": "quantitative"
        },
        "y": {
          "field": "Pos",
          "type": "nominal"
        },
        "size": {
          "field": "Component 1",
          "type": "quantitative"
        }
      }
    },
    {
      "mark": "point",
      "encoding": {
        "x": {
          "field": "Pos",
          "type": "nominal"
        },
        "y": {
          "field": "Component 1",
          "type": "quantitative"
        },
        "size": {
          "field": "Component 2",
          "type": "quantitative"
        }
      }
    },
    {
      "mark": "point",
      "encoding": {
        "x": {
          "field": "Pos",
          "type": "nominal"
        },
        "y": {
          "field": "Component 2",
          "type": "quantitative"
        },
        "size": {
          "field": "Component 1",
          "type": "quantitative"
        }
      }
    },
    {
      "mark": "rect",
      "encoding": {
        "x": {
          "field": "Component 1",
          "type": "quantitative",
          "bin": true
        },
        "y": {
          "field": "Pos",
          "type": "nominal"
        },
        "color": {
          "field": "Component 2",
          "type": "quantitative",
          "aggregate": "sum"
        }
      }
    },
    {
      "mark": "rect",
      "encoding": {
        "x": {
          "field": "Component 1",
          "type": "quantitative",
          "bin": true
        },
        "y": {
          "field": "Pos",