{
  "table_info": {
    "table_columns": [
      "Unnamed: 0",
      "Player",
      "Progressive Carries",
      "Touches",
      "Expected Assists",
      "Progressive Passes",
      "Passes",
      "Interceptions",
      "Possession-Winning-Tackles",
      "Aerials Won",
      "Pos",
      "Non-Penalty Expected Goals",
      "cluster",
      "Component 1",
      "Component 2"
    ],
    "table_samples": [
      {
        "Unnamed: 0": 0,
        "Player": "Max Aarons",
        "Progressive Carries": 5.4375,
        "Touches": 57.96875,
        "Expected Assists": 0.04375,
        "Progressive Passes": 2.9375,
        "Passes": 33.96875,
        "Interceptions": 1.75,
        "Possession-Winning-Tackles": 1.15625,
        "Aerials Won": 0.46875,
        "Pos": "Defender",
        "Non-Penalty Expected Goals": 0.02,
        "cluster": 6,
        "Component 1": -0.6794867331318681,
        "Component 2": 0.4101967803346252
      },
      {
        "Unnamed: 0": 534,
        "Player": "Ezri Konsa",
        "Progressive Carries": 1.0545454545454545,
        "Touches": 43.81818181818182,
        "Expected Assists": 0.0109090909090909,
        "Progressive Passes": 1.2,
        "Passes": 30.90909090909091,
        "Interceptions": 1.6363636363636365,
        "Possession-Winning-Tackles": 0.509090909090909,
        "Aerials Won": 2.1818181818181817,
        "Pos": "Defender",
        "Non-Penalty Expected Goals": 0.05,
        "cluster": 5,
        "Component 1": 0.3352865887468656,
        "Component 2": -2.0591815599231555
      },
      {
        "Unnamed: 0": 662,
        "Player": "Houboulang Mendes",
        "Progressive Carries": 3.4357541899441344,
        "Touches": 52.374301675977655,
        "Expected Assists": 0.0418994413407821,
        "Progressive Passes": 1.9553072625698324,
        "Passes": 33.46368715083799,
        "Interceptions": 2.094972067039106,
        "Possession-Winning-Tackles": 1.1731843575418994,
        "Aerials Won": 1.2011173184357542,
        "Pos": "Defender",
        "Non-Penalty Expected Goals": 0.04,
        "cluster": 1,
        "Component 1": -0.660099078563687,
        "Component 2": -0.63674714461243
      },
      {
        "Unnamed: 0": 504,
        "Player": "Hassane Kamara",
        "Progressive Carries": 2.7222222222222223,
        "Touches": 64.5,
        "Expected Assists": 0.0222222222222222,
        "Progressive Passes": 2.611111111111111,
        "Passes": 35.333333333333336,
        "Interceptions": 5.222222222222222,
        "Possession-Winning-Tackles": 1.6111111111111112,
        "Aerials Won": 2.2777777777777777,
        "Pos": "Defender",
        "Non-Penalty Expected Goals": 0.01,
        "cluster": 1,
        "Component 1": -3.4187714422875626,
        "Component 2": -1.7451157587066346
      },
      {
        "Unnamed: 0": 467,
        "Player": "Jo\u00e3o Pedro",
        "Progressive Carries": 4.863387978142076,
        "Touches": 49.61748633879781,
        "Expected Assists": 0.084010840108401,
        "Progressive Passes": 1.4634146341463414,
        "Passes": 14.173441734417343,
        "Interceptions": 0.3523035230352304,
        "Possession-Winning-Tackles": 0.4607046070460704,
        "Aerials Won": 3.3879781420765025,
        "Pos": "Forward",
        "Non-Penalty Expected Goals": 0.23,
        "cluster": 0,
        "Component 1": 2.373419979765466,
        "Component 2": -0.7073377779700253
      }
    ]
  },
  "nl_utterance": "Create a scatter plot with the player positions on the y-axis and their Component 2 values on the x-axis.",
  "refer_fileds": [
    {
      "field": "Component 2",
      "type": "quantitative"
    },
    {
      "field": "Pos",
      "type": "nominal"
    }
  ],
  "refer_others": [],
  "generated_chart_list": [
    {
      "mark": "arc",
      "encoding": {
        "theta": {
          "field": "Component 2",
          "type": "quantitative",
          "aggregate": "sum"
        },
        "color": {
          "field": "Pos",
          "type": "nominal"
        }
      }
    },
    {
      "mark": "arc",
      "encoding": {
        "theta": {
          "field": "Component 2",
          "type": "quantitative",
          "aggregate": "mean"
        },
        "color": {
          "field": "Pos",
          "type": "nominal"
        }
      }
    },
    {
      "mark": "bar",
      "encoding": {
        "x": {
          "field": "Pos",
          "type": "nominal"
        },
        "y": {
          "field": "Component 2",
          "type": "quantitative",
          "aggregate": "sum"
        }
      }
    },
    {
      "mark": "bar",
      "encoding": {
        "x": {
          "field": "Pos",
          "type": "nominal"
        },
        "y": {
          "field": "Component 2",
          "type": "quantitative",
          "aggregate": "mean"
        }
      }
    },
    {
      "mark": "point",
      "encoding": {
        "x": {
          "field": "Component 2",
          "type": "quantitative"
        },
        "y": {
          "field": "Pos",
          "type": "nominal"
        }
      }
    },
    {
      "mark": "point",
      "encoding": {
        "x": {
          "field": "Pos",
          "type": "nominal"
        },
        "y": {
          "field": "Component 2",
          "type": "quantitative"
        }
      }
    },
    {
      "mark": "boxplot",
      "encoding": {
        "y": {
          "field": "Component 2",
          "type": "quantitative"
        },
        "x": {
          "field": "Pos",
          "type": "nominal"
        }
      }
    }
  ]
}