{
  "table_info": {
    "table_columns": [
      "Date",
      "GRA Purchases",
      "PRGT 1/2/",
      "Totals",
      "Year",
      "Total_billion",
      "World_GDP",
      "Normalised_totals",
      "totals_as%ofGDP",
      "Unnamed: 9",
      "Unnamed: 10",
      "Unnamed: 11",
      "Unnamed: 12",
      "Unnamed: 13",
      "Unnamed: 14",
      "Unnamed: 15",
      "Unnamed: 16",
      "Unnamed: 17",
      "Unnamed: 18",
      "Unnamed: 19",
      "Unnamed: 20",
      "Unnamed: 21",
      "Unnamed: 22",
      "Unnamed: 23",
      "Unnamed: 24",
      "Unnamed: 25",
      "Unnamed: 26",
      "Unnamed: 27",
      "Unnamed: 28",
      "Unnamed: 29",
      "Unnamed: 30",
      "Unnamed: 31",
      "Unnamed: 32",
      "Unnamed: 33",
      "Unnamed: 34",
      "Unnamed: 35",
      "Unnamed: 36",
      "Unnamed: 37",
      "Unnamed: 38",
      "Unnamed: 39",
      "Unnamed: 40",
      "Unnamed: 41",
      "Unnamed: 42",
      "Unnamed: 43",
      "Unnamed: 44",
      "Unnamed: 45",
      "Unnamed: 46",
      "Unnamed: 47",
      "Unnamed: 48"
    ],
    "table_samples": [
      {
        "Date": "08/31/2022",
        "GRA Purchases": 93769635059.0,
        "PRGT 1/2/": 15254184552.0,
        "Totals": 109000000000.0,
        "Year": 2022.0,
        "Total_billion": 109.0238196,
        "World_GDP": 96100000000000.0,
        "Normalised_totals": 0.00113,
        "totals_as%ofGDP": 0.113,
        "Unnamed: 9": NaN,
        "Unnamed: 10": NaN,
        "Unnamed: 11": 28866300000000.0,
        "Unnamed: 12": 29934200000000.0,
        "Unnamed: 13": 30965100000000.0,
        "Unnamed: 14": 32120500000000.0,
        "Unnamed: 15": 33611000000000.0,
        "Unnamed: 16": 34872600000000.0,
        "Unnamed: 17": 35872800000000.0,
        "Unnamed: 18": 36396600000000.0,
        "Unnamed: 19": 37150100000000.0,
        "Unnamed: 20": 37821800000000.0,
        "Unnamed: 21": 39072400000000.0,
        "Unnamed: 22": 40280100000000.0,
        "Unnamed: 23": 41738500000000.0,
        "Unnamed: 24": 43368300000000.0,
        "Unnamed: 25": 44580100000000.0,
        "Unnamed: 26": 46150800000000.0,
        "Unnamed: 27": 48221700000000.0,
        "Unnamed: 28": 49184600000000.0,
        "Unnamed: 29": 50330100000000.0,
        "Unnamed: 30": 51915900000000.0,
        "Unnamed: 31": 54248800000000.0,
        "Unnamed: 32": 56442100000000.0,
        "Unnamed: 33": 58968600000000.0,
        "Unnamed: 34": 61608900000000.0,
        "Unnamed: 35": 62882000000000.0,
        "Unnamed: 36": 62048200000000.0,
        "Unnamed: 37": 64860400000000.0,
        "Unnamed: 38": 67014500000000.0,
        "Unnamed: 39": 68828700000000.0,
        "Unnamed: 40": 70769500000000.0,
        "Unnamed: 41": 72932200000000.0,
        "Unnamed: 42": 75179300000000.0,
        "Unnamed: 43": 77283500000000.0,
        "Unnamed: 44": 79895200000000.0,
        "Unnamed: 45": 82513100000000.0,
        "Unnamed: 46": 84670700000000.0,
        "Unnamed: 47": 81901000000000.0,
        "Unnamed: 48": 86652900000000.0
      },
      {
        "Date": "12/31/2020",
        "GRA Purchases": 93408630285.0,
        "PRGT 1/2/": 12481816684.0,
        "Totals": 106000000000.0,
        "Year": 2020.0,
        "Total_billion": 105.890447,
        "World_GDP": 84900000000000.0,
        "Normalised_totals": 0.00125,
        "totals_as%ofGDP": 0.125,
        "Unnamed: 9": NaN,
        "Unnamed: 10": NaN,
        "Unnamed: 11": 96100000000000.0,
        "Unnamed: 12": NaN,
        "Unnamed: 13": 96100000000000.0,
        "Unnamed: 14": 38.0,
        "Unnamed: 15": NaN,
        "Unnamed: 16": 86652900000000.0,
        "Unnamed: 17": 1.0,
        "Unnamed: 18": NaN,
        "Unnamed: 19": NaN,
        "Unnamed: 20": NaN,
        "Unnamed: 21": NaN,
        "Unnamed: 22": NaN,
        "Unnamed: 23": NaN,
        "Unnamed: 24": NaN,
        "Unnamed: 25": NaN,
        "Unnamed: 26": NaN,
        "Unnamed: 27": NaN,
        "Unnamed: 28": NaN,
        "Unnamed: 29": NaN,
        "Unnamed: 30": NaN,
        "Unnamed: 31": NaN,
        "Unnamed: 32": NaN,
        "Unnamed: 33": NaN,
        "Unnamed: 34": NaN,
        "Unnamed: 35": NaN,
        "Unnamed: 36": NaN,
        "Unnamed: 37": NaN,
        "Unnamed: 38": NaN,
        "Unnamed: 39": NaN,
        "Unnamed: 40": NaN,
        "Unnamed: 41": NaN,
        "Unnamed: 42": NaN,
        "Unnamed: 43": NaN,
        "Unnamed: 44": NaN,
        "Unnamed: 45": NaN,
        "Unnamed: 46": NaN,
        "Unnamed: 47": NaN,
        "Unnamed: 48": NaN
      },
      {
        "Date": "12/31/2006",
        "GRA Purchases": 9822640239.0,
        "PRGT 1/2/": 3844020520.0,
        "Totals": 13666660759.0,
        "Year": 2006.0,
        "Total_billion": 13.66666076,
        "World_GDP": 51800000000000.0,
        "Normalised_totals": 0.000264,
        "totals_as%ofGDP": 0.0264,
        "Unnamed: 9": NaN,
        "Unnamed: 10": NaN,
        "Unnamed: 11": 58400000000000.0,
        "Unnamed: 12": NaN,
        "Unnamed: 13": 58400000000000.0,
        "Unnamed: 14": 24.0,
        "Unnamed: 15": NaN,
        "Unnamed: 16": 61608900000000.0,
        "Unnamed: 17": 15.0,
        "Unnamed: 18": NaN,
        "Unnamed: 19": NaN,
        "Unnamed: 20": NaN,
        "Unnamed: 21": NaN,
        "Unnamed: 22": NaN,
        "Unnamed: 23": NaN,
        "Unnamed: 24": NaN,
        "Unnamed: 25": NaN,
        "Unnamed: 26": NaN,
        "Unnamed: 27": NaN,
        "Unnamed: 28": NaN,
        "Unnamed: 29": NaN,
        "Unnamed: 30": NaN,
        "Unnamed: 31": NaN,
        "Unnamed: 32": NaN,
        "Unnamed: 33": NaN,
        "Unnamed: 34": NaN,
        "Unnamed: 35": NaN,
        "Unnamed: 36": NaN,
        "Unnamed: 37": NaN,
        "Unnamed: 38": NaN,
        "Unnamed: 39": NaN,
        "Unnamed: 40": NaN,
        "Unnamed: 41": NaN,
        "Unnamed: 42": NaN,
        "Unnamed: 43": NaN,
        "Unnamed: 44": NaN,
        "Unnamed: 45": NaN,
        "Unnamed: 46": NaN,
        "Unnamed: 47": NaN,
        "Unnamed: 48": NaN
      },
      {
        "Date": "12/31/2005",
        "GRA Purchases": 28432143237.0,
        "PRGT 1/2/": 6282121668.0,
        "Totals": 34714264905.0,
        "Year": 2005.0,
        "Total_billion": 34.71426491,
        "World_GDP": 47800000000000.0,
        "Normalised_totals": 0.000726,
        "totals_as%ofGDP": 0.0726,
        "Unnamed: 9": NaN,
        "Unnamed: 10": NaN,
        "Unnamed: 11": 51800000000000.0,
        "Unnamed: 12": NaN,
        "Unnamed: 13": 51800000000000.0,
        "Unnamed: 14": 23.0,
        "Unnamed: 15": NaN,
        "Unnamed: 16": 58968600000000.0,
        "Unnamed: 17": 16.0,
        "Unnamed: 18": NaN,
        "Unnamed: 19": NaN,
        "Unnamed: 20": NaN,
        "Unnamed: 21": NaN,
        "Unnamed: 22": NaN,
        "Unnamed: 23": NaN,
        "Unnamed: 24": NaN,
        "Unnamed: 25": NaN,
        "Unnamed: 26": NaN,
        "Unnamed: 27": NaN,
        "Unnamed: 28": NaN,
        "Unnamed: 29": NaN,
        "Unnamed: 30": NaN,
        "Unnamed: 31": NaN,
        "Unnamed: 32": NaN,
        "Unnamed: 33": NaN,
        "Unnamed: 34": NaN,
        "Unnamed: 35": NaN,
        "Unnamed: 36": NaN,
        "Unnamed: 37": NaN,
        "Unnamed: 38": NaN,
        "Unnamed: 39": NaN,
        "Unnamed: 40": NaN,
        "Unnamed: 41": NaN,
        "Unnamed: 42": NaN,
        "Unnamed: 43": NaN,
        "Unnamed: 44": NaN,
        "Unnamed: 45": NaN,
        "Unnamed: 46": NaN,
        "Unnamed: 47": NaN,
        "Unnamed: 48": NaN
      },
      {
        "Date": "12/31/2009",
        "GRA Purchases": 37221142436.0,
        "PRGT 1/2/": 5079705286.0,
        "Totals": 42300847722.0,
        "Year": 2009.0,
        "Total_billion": 42.30084772,
        "World_GDP": 60800000000000.0,
        "Normalised_totals": 0.000696,
        "totals_as%ofGDP": 0.0696,
        "Unnamed: 9": NaN,
        "Unnamed: 10": NaN,
        "Unnamed: 11": 66600000000000.0,
        "Unnamed: 12": NaN,
        "Unnamed: 13": 66600000000000.0,